3.050632;3.042295
15.992328;16.817869
9.599629;0.028174
2.851400;2.964804
15.939872;16.961641
11.529295;0.387881
3.116240;3.291881
14.660662;17.097332
11.184232;2.461795
3.172776;3.841434
13.134752;17.098116
9.178897;0.972425
2.922746;3.214253
15.378740;16.848238
11.470272;-0.324651
2.965991;2.741122
13.744972;16.851856
6.169392;0.866759
3.044260;3.302480
13.961623;17.190832
8.964322;-1.534708
2.998147;3.263525
14.650684;17.071320
11.334248;-0.842273
3.001934;3.835756
15.935400;17.103945
10.749781;-0.819772
2.889199;2.698087
13.809001;17.182953
10.110283;-0.553521
3.109082;2.991541
14.805720;17.104744
12.850674;0.539829
3.103773;2.416205
16.409830;17.313337
9.728419;3.857114
2.854190;2.762665
15.804502;17.242624
12.431703;-0.948206
2.681690;3.695859
14.585776;17.109049
14.105203;-1.860090
3.422722;3.490460
14.609898;16.687092
11.762097;-1.808529
3.258043;3.924032
15.093517;16.769028
9.030597;1.674551
3.160134;2.674019
14.702139;17.219059
9.856475;-0.385557
2.853545;2.818671
16.163174;17.004271
9.223700;1.750082
3.407130;2.719172
15.041530;16.721310
10.368217;-0.810270
2.729192;2.727989
14.948991;17.117920
10.410169;-1.101519
2.935654;3.363300
14.904890;17.059275
9.762108;-1.377196
2.488353;2.878277
13.893848;17.075127
11.163667;-1.013624
2.692479;2.922820
15.973581;16.956240
9.810487;1.184655
3.078088;4.102550
14.133198;17.075510
8.986755;2.076910
2.899431;3.562927
13.816201;16.756012
11.189087;1.670967
2.857604;3.382408
16.017408;16.994297
6.283110;-0.492295
2.935069;3.099046
15.031871;17.221643
13.642726;-0.502871
3.109607;3.023640
15.974857;17.112682
14.292691;-2.158877
2.986402;2.700596
13.646006;16.917154
9.516710;-0.926660
2.482323;2.866505
15.631186;16.796278
8.606688;0.715521
2.873894;2.686446
14.498479;16.948713
13.784534;0.667328
3.104777;2.755202
14.244342;16.740316
7.857637;-0.571649
3.004115;2.713237
15.712822;17.012093
10.927571;-0.236224
3.118586;2.894693
15.441110;17.051796
10.640661;-2.105896
2.932913;3.208215
16.047201;16.748720
9.921973;2.014027
2.936071;2.409256
14.629355;17.202236
11.644433;-1.470227
2.999239;3.471910
15.289135;17.160774
11.700102;-1.394345
3.035416;2.291871
14.558164;17.218918
10.500230;-0.759102
3.088531;3.081335
17.321020;17.203896
12.602709;4.016671
2.858493;2.416382
16.014725;16.922886
10.343295;1.281059
3.001082;2.842965
16.957548;17.053595
9.681358;0.985646
3.208771;2.794675
16.829376;17.006283
12.533340;2.124469
2.677990;2.795986
16.310740;16.833569
8.319102;0.676542
3.252692;2.890769
14.705467;17.011700
8.562218;0.772313
3.462603;2.724946
14.057763;16.925785
9.034725;-0.746127
2.940017;2.974772
13.441948;17.145960
11.278845;-2.928014
3.215767;2.032913
15.333665;16.775915
11.048387;1.268372
3.048599;3.275562
15.545676;16.812351
9.397730;0.265512
2.728538;2.308572
12.573604;17.077362
9.087546;0.934258
3.135140;2.788112
13.740273;16.896082
10.424539;-1.004621
3.097411;2.228571
14.955276;17.102627
8.635731;-0.325569
3.465134;3.650910
15.748378;16.881922
10.760707;-1.259625
3.154688;3.499101
13.760965;17.343515
9.890719;-2.968529
2.750535;2.368145
13.630208;16.955437
10.606857;-0.290085
3.284404;3.101220
16.408474;16.896158
9.910700;-1.788646
3.104961;1.725326
15.812543;17.164686
10.690237;0.311808
2.771959;2.658237
15.189316;17.299654
9.499754;-0.202394
2.759357;2.552974
12.217503;17.016079
10.358579;0.028560
3.160532;2.259336
17.012333;16.978310
12.855244;2.904842
2.994037;3.528524
15.494965;16.865633
12.712021;3.063528
3.150868;2.983915
15.645783;16.529125
7.987040;-1.612684
3.131477;2.907219
13.685724;17.316031
10.291586;-1.782577
2.819914;3.379350
13.636015;17.162983
8.747068;-0.655630
2.975007;2.197342
15.135371;17.051189
10.553808;-0.248646
3.029179;3.094194
15.608885;16.729921
12.488131;-1.710202
3.054541;2.977057
12.666041;17.249475
11.968964;-0.296833
3.121826;2.027734
13.758159;17.187757
10.514655;0.453502
2.737221;2.584988
15.096212;16.964422
10.906859;0.805682
3.123925;3.314718
15.086236;16.854071
9.035823;-0.727543
2.935523;2.050791
14.688649;17.134483
13.991735;2.123945
3.042501;2.667526
15.471359;17.085943
10.565331;-0.081371
2.943201;3.111179
15.419434;16.835003
8.926790;1.403309
3.028329;2.839019
14.429482;17.076876
9.502254;0.918316
2.578390;3.077170
16.892929;16.866165
8.895384;-0.846972
3.265539;2.826806
15.996001;16.947842
12.338785;-0.318516
3.212717;2.096662
14.804527;16.753979
12.149548;-0.105761
3.118979;3.543192
15.273020;17.129868
10.912999;-1.510974
2.767826;3.795123
13.027744;17.036072
9.892900;-0.189008
2.874866;3.963497
14.619752;16.796198
10.469356;-0.551097
3.175915;3.114255
15.523447;17.097406
10.929522;1.550607
3.104011;3.116143
15.021109;16.965052
9.738414;-0.006434
3.100321;3.168923
15.635791;17.127689
13.020426;-2.473870
3.345565;2.594130
15.462755;17.056568
11.276978;2.096497
3.418984;3.069261
14.777661;17.211222
9.796386;-1.939961
3.015538;3.190243
14.509001;17.479858
10.217201;-0.240694
2.834805;2.445995
14.024982;16.958633
11.461038;2.123372
3.171501;2.994205
15.567509;16.994696
9.565621;-0.053684
3.213298;2.730399
15.846748;17.311298
8.281157;-1.343789
2.822556;2.806057
16.394321;17.053965
12.762560;2.228346
3.223346;3.569401
15.793447;17.020542
9.355259;-1.619632
2.912932;2.142596
14.400918;16.774244
10.369308;2.628479
3.019710;3.433165
14.768521;16.877680
9.718026;-0.799289
3.102113;2.864108
14.360614;17.626020
10.919512;-0.254051
2.753187;2.940147
16.286154;17.055738
9.167422;-0.285447
2.863286;3.251847
13.783441;16.927177
12.352673;-1.721769
3.123765;2.778133
15.386743;17.047321
10.622902;-1.256721
3.367323;2.325689
14.198827;16.863111
11.724396;-0.852308
2.974851;3.290931
13.840318;16.844629
10.174945;-0.177344
2.655097;2.934129
14.445290;16.789911
9.581829;0.012051
3.311184;4.156561
14.558156;17.108419
9.351284;1.506523
2.747120;2.535790
16.300650;16.959318
12.331364;1.151304
3.071922;3.401606
15.229607;17.268272
8.261667;1.055632
3.587434;2.876529
14.368516;17.181562
9.372530;2.204012
2.967830;2.769861
15.994905;16.983873
11.991699;1.866280
3.105946;2.914123
14.117220;17.054693
11.884929;-0.689759
3.229765;2.513505
14.235396;17.049370
9.789686;0.922024
3.043539;3.506719
16.594557;16.878550
10.113558;-1.431800
3.136101;3.241820
13.276773;16.877373
12.830681;-0.563719
3.020275;2.484698
16.837784;16.988981
8.902702;-0.948037
2.720777;3.071143
14.534724;16.874346
11.836121;-2.210916
3.036011;2.732919
15.249117;17.229845
10.359730;2.396240
2.804759;3.273723
13.639523;17.070675
10.457199;0.518839
2.711310;2.733700
16.363111;16.912403
10.055330;1.582306
2.860649;2.546051
15.693461;17.385645
9.021203;-1.701187
3.044976;3.351967
17.580170;16.808672
11.772876;-1.615804
2.811360;2.474095
13.603834;16.936550
8.592900;-0.985092
3.195748;3.939307
15.061102;16.937914
11.132866;0.346727
2.951959;2.422374
15.420979;17.058432
9.718193;-0.079630
3.095684;2.773906
14.366697;17.358309
8.747232;-0.287593
2.776287;3.123241
15.950628;16.834818
12.018746;-1.743810
3.207354;3.524835
15.131342;16.867414
9.429871;-1.182925
2.986563;4.458602
15.166566;16.629784
7.358345;-1.098912
3.340297;3.276655
13.893896;17.319614
11.287008;2.534367
3.333429;2.659659
16.978930;16.912584
8.624304;1.177776
2.803153;2.510889
15.186522;17.008097
10.943693;-1.623442
3.070351;4.571458
16.959274;17.254507
10.936299;-1.571259
3.012905;2.304982
15.398633;16.805948
9.683077;-1.967338
2.980240;3.145394
15.159155;16.773617
11.179476;-0.201331
2.674815;3.785597
13.785561;17.300987
12.475124;1.127416
3.287959;2.905071
14.694582;17.207878
8.615358;1.454548
3.265041;3.001025
16.595747;16.948376
9.649261;0.557237
2.906698;2.546578
16.348234;17.362982
8.779068;-0.191338
2.742777;3.840487
13.945997;17.107719
10.979491;-0.495698
2.790000;1.857361
15.684923;16.810911
12.283579;-2.650685
3.167891;1.802717
15.600787;17.140787
12.500378;-0.786353
3.049286;4.132676
16.968330;16.756468
10.267370;-1.017287
2.918249;3.637690
14.564080;17.107666
9.367868;0.855556
3.048892;2.803517
15.151207;17.191666
10.739844;0.181077
2.766564;2.527286
14.693128;16.489159
11.371274;2.503356
3.306752;2.522911
16.470650;16.882868
12.772372;0.428298
2.906950;3.979761
15.937603;17.048992
11.308710;2.680922
3.011102;3.687252
14.748977;17.095909
8.095454;-0.571156
2.631378;2.250612
14.547162;16.936792
10.977667;2.412762
3.238674;3.127443
14.804626;17.084845
13.139174;-0.526312
2.876015;3.235824
14.954103;17.086008
8.693613;1.195277
3.106171;3.222963
14.420419;16.878407
9.440953;-0.101554
2.886479;3.460644
14.258135;16.971073
11.769550;0.872353
2.867257;2.596759
14.980916;17.006296
10.540431;0.490015
2.950086;3.006366
14.727882;17.270487
10.339207;1.396453
2.779985;1.812255
15.753297;17.134745
12.883018;0.890274
2.771849;2.730801
16.207771;17.100815
12.246835;-0.763621
3.247104;3.419421
14.715445;17.536161
11.021075;0.556514
2.907096;3.457591
14.479034;17.080830
10.201408;-0.111909
3.207433;2.797821
15.692173;17.107998
11.095640;-3.314072
3.051413;2.460000
14.630006;17.358732
10.910854;3.632606
3.231373;2.012298
14.687119;16.730373
10.952959;-1.284457
3.318255;2.453971
15.737559;16.800129
11.566789;-0.580157
3.047023;3.283040
14.945361;16.884529
10.428334;-0.469384
2.754481;3.383340
16.189058;16.891333
11.278769;0.410354
2.914007;3.744253
13.930726;16.487078
9.599508;-1.489722
2.926169;2.701839
14.088586;16.643398
9.320657;1.348720
2.877525;2.509582
14.381806;16.819098
11.888662;1.773202
3.139973;3.152330
14.347298;16.621487
11.481264;2.615521
3.075744;3.158963
15.611020;16.688589
10.640585;0.692023
3.106422;2.904882
14.947814;17.025274
8.198717;0.016178
3.078164;2.725472
13.868518;16.942465
9.857032;1.086933
3.153151;4.006866
14.331306;17.291218
9.836865;1.053388
3.061469;2.224460
16.388739;17.164579
13.600147;0.525032
3.061040;3.109462
16.052736;17.181021
8.989198;1.636051
3.012940;2.001678
14.168009;17.015858
11.084319;0.671740
2.745070;3.117315
14.211188;16.536377
11.015032;0.998107
3.069481;2.973329
16.282763;16.868565
10.026094;-0.043213
2.877907;3.562667
15.907590;17.010260
10.877749;-0.277275
3.086236;2.942439
14.783499;17.321005
9.836393;1.839750
3.413887;2.484245
14.157243;16.904736
12.210570;-0.681362
3.175140;2.133847
14.987739;17.281898
12.063874;0.434956
3.025970;2.129581
14.922735;17.345577
10.777703;1.987838
3.238106;2.931858
14.519628;17.250519
10.063395;-0.447968
2.559449;3.286511
16.595757;16.901249
10.183107;0.151210
3.401900;3.299931
16.618256;16.582859
10.918674;-0.327759
2.616603;3.021293
14.899386;17.074310
11.375616;0.509903
3.141548;3.081522
13.255451;16.683470
10.488268;1.450157
2.982539;2.793515
15.796773;16.968624
11.174728;2.011155
3.189809;2.503454
15.496847;17.090219
10.509445;1.220940
3.228651;3.044456
13.883780;16.925423
7.392845;2.475699
3.344159;2.511468
15.269296;17.103352
9.534065;2.977690
3.078117;2.920496
15.192256;17.220304
7.170911;-1.945994
2.813320;3.848873
14.629012;17.207283
10.677800;2.168267
3.177070;2.834358
14.732973;17.263552
9.804957;-0.667947
3.253882;3.751677
15.019609;16.738344
10.638062;-0.618698
3.057512;3.007181
14.569956;16.989023
12.218228;0.366771
3.087067;3.111794
14.170681;17.155525
9.683453;0.175231
3.141967;3.144381
15.036899;16.839367
10.573874;1.508168
3.177325;2.801446
15.317647;17.018709
9.235192;3.460437
2.913594;3.457578
14.628666;17.125778
13.948153;1.906727
2.916314;2.193287
15.264513;16.585276
9.233500;-0.419826
2.774336;2.016226
14.839173;16.968222
7.212329;-1.335819
2.733306;2.603594
14.981769;16.890774
8.218960;-0.739749
2.792118;2.979757
15.373139;16.778313
11.872619;-0.797581
2.792548;2.927197
13.824918;16.655413
8.947123;0.168705
2.920948;2.836540
13.981358;17.367640
9.017464;-0.007392
2.810696;2.185444
15.487068;17.185299
12.217281;4.204748
2.903438;3.650444
13.442739;16.987722
9.504991;-2.561411
3.192219;3.361744
15.534258;17.467688
8.866989;0.197472
2.978756;3.422763
14.478712;17.028948
8.942485;-2.043507
2.935876;2.766547
16.412256;17.025791
8.288552;-0.223570
2.685797;3.546532
16.512180;16.840054
9.560251;-0.807246
2.854748;3.761184
15.898849;17.106874
10.368606;-0.924087
3.027960;3.299420
15.309213;17.130859
12.575848;1.192688
2.933772;3.011211
13.202556;16.830870
11.054959;-2.537366
3.041219;2.402569
16.600887;16.869635
11.280391;-2.307519
3.244202;3.533535
14.313704;16.995260
14.281311;2.622038
3.362972;3.233446
16.758291;16.782768
10.879890;-0.825191
2.632708;3.755618
15.534309;16.742275
8.408916;-3.207516
2.925057;2.677029
14.722518;16.759325
9.969065;-0.640309
2.843923;3.147290
15.316950;17.178102
8.152662;-0.094031
3.071922;2.975741
17.038067;16.717226
11.906020;0.118742
2.959652;3.318182
14.561400;17.095900
11.186300;1.994491
2.933560;3.614034
15.193382;16.873848
10.783949;2.068696
2.742918;2.558647
14.295938;17.007927
12.349148;0.158722
3.150738;3.447940
16.127392;17.272364
8.453085;-0.070381
3.026880;2.509767
14.143774;16.895674
14.097532;1.680880
2.796068;2.070146
15.383792;17.029961
9.603998;-1.188537
3.242002;3.767241
15.484051;17.383242
7.746547;1.249651
2.931437;2.935023
12.862360;17.260847
12.156486;-1.967432
2.683385;2.463730
16.997488;17.044006
10.392069;3.231038
2.904250;2.717413
16.340960;16.472807
7.405510;0.661146
2.979715;3.088925
15.613981;17.110802
10.042020;1.505132
2.869917;3.096423
13.702150;16.876350
8.386552;0.844237
2.787318;3.265542
14.594646;17.077826
10.107320;2.233248
2.989988;3.571154
14.818353;16.871643
12.713277;0.846955
2.824530;2.530356
15.855229;17.304083
11.674252;-1.444434
2.991056;3.017972
15.848113;17.242582
8.853993;0.709017
2.952075;2.212494
14.512027;17.147881
12.940826;2.109735
3.106918;3.079779
14.761545;17.197969
12.499310;1.100986
3.013523;2.904093
15.110720;17.288284
9.968449;-0.429008
2.796986;2.868347
15.404507;16.762810
9.677795;1.568187
2.995114;2.570864
13.703537;17.086121
8.368773;1.331316
3.476452;2.694093
16.024055;17.264977
7.002469;1.030980
2.987554;2.847522
15.482826;17.177586
9.646095;2.604154
3.048881;3.187821
14.307487;16.930527
9.139704;-0.279889
2.957995;3.114751
14.134732;16.917585
11.149077;-3.279597
3.189518;2.565572
14.928737;16.828259
11.592237;-0.617300
3.150604;3.516808
13.146969;16.914263
9.735904;3.034397
3.240780;2.595669
14.847795;17.096457
9.636956;1.330992
2.907110;3.311415
13.306566;16.784779
11.373866;1.639328
2.963696;3.594185
14.468393;16.830076
10.892733;-1.169881
2.691520;3.430854
15.053625;16.631254
8.355772;-0.555553
2.890266;2.875830
15.594370;16.879692
12.794617;-1.256683
2.893127;3.494778
15.189221;16.815664
11.895657;-1.627851
2.995339;2.855943
16.197622;17.041979
11.581995;0.151284
2.878949;2.997689
16.300474;17.097158
11.927748;-1.234967
2.527807;3.352301
15.995693;17.036697
11.990048;1.504757
2.947484;2.730545
16.369616;16.948509
12.893117;-1.518981
2.951245;2.872699
14.828544;16.910444
12.006585;-1.656011
2.829477;2.593900
16.105909;16.736826
11.592377;2.597580
3.263242;3.646856
13.277622;16.896452
10.690693;-1.624099
3.089625;3.228021
15.162353;16.905954
13.199749;-1.660138
2.675536;2.821491
15.889466;17.318352
8.403227;0.035925
3.043217;4.187465
15.928526;16.976343
11.818269;-0.377877
2.729860;2.711673
16.124290;17.253416
14.083614;-1.437271
3.089295;3.226991
15.884954;16.556290
11.435571;3.145666
3.214551;3.618640
14.477447;16.931614
12.818201;-0.234366
3.231845;3.173629
13.918154;16.825880
9.494057;-0.022082
2.633042;3.517590
14.216888;17.244354
8.943963;0.083223
2.728607;2.512688
13.892682;16.955069
9.663990;0.842958
3.396347;2.880967
15.380955;17.022675
10.376510;2.250446
3.259448;3.046685
15.635405;16.816174
9.176274;-0.373035
3.102912;3.624041
13.855133;16.957960
11.516808;-1.005625
3.035622;2.572809
14.894911;16.894529
10.903661;0.628392
2.927106;3.367177
13.928213;16.953093
11.099586;0.399592
3.060380;3.346944
12.790643;16.950365
10.795288;1.752457
2.641276;3.436599
17.182642;17.109419
9.228701;0.001733
3.051198;3.459925
14.431429;17.452070
10.025260;-0.306083
2.738797;2.065008
14.937498;17.047295
8.711160;-1.622129
3.271606;1.821964
15.350584;17.184217
8.156298;0.182708
3.105782;3.903616
14.991392;17.304710
11.939206;-0.074847
2.951817;3.035555
15.167273;17.032217
13.001455;0.720777
3.116628;4.059491
15.409846;17.263611
9.806931;1.263820
3.007733;2.644528
14.774953;16.886877
9.112123;3.009497
2.870092;2.848166
15.364382;17.054193
12.723365;-1.514649
3.033862;3.277957
14.934136;16.767881
10.718203;-2.342225
3.257130;3.054860
15.898404;16.920340
9.806833;0.118980
2.976675;2.520699
14.922198;16.952209
11.307638;2.050162
3.355771;3.474734
13.478592;16.930172
11.379112;0.707885
2.847665;2.294908
14.387251;17.310871
10.834999;-1.309415
2.951209;3.195702
14.808647;17.089239
10.050075;1.911252
3.024990;3.112294
15.364162;17.037455
9.350626;1.396252
2.954313;2.685264
14.507698;17.091785
13.861345;0.125241
2.891722;3.669517
15.237087;17.231476
8.483263;0.095475
3.125450;2.935962
14.583312;17.066498
12.390266;1.668807
2.825727;3.163671
14.008787;17.224234
11.433524;-2.037966
2.980731;3.069757
14.677784;16.865602
9.748686;1.670533
3.071607;3.683124
16.691811;16.787596
10.958265;-0.338948
2.767691;1.918113
14.110296;17.132727
11.742561;1.012989
2.700015;3.007589
13.994556;16.865238
9.358014;0.487464
2.873041;3.293334
16.373482;17.098671
10.177091;1.244779
3.014391;2.273358
13.445067;16.619936
8.953118;-0.567464
2.999565;3.082916
15.181015;17.322809
9.920252;0.004776
2.909184;3.445985
14.464995;17.064398
9.393600;0.771104
3.077455;3.214675
15.540980;17.026913
9.692560;-0.595260
2.843749;3.707867
14.468167;16.823671
10.005136;1.166328
3.220220;3.050687
16.747562;17.058384
10.229455;2.753073
2.909959;2.408550
14.880670;17.064676
7.815752;2.445277
3.050296;2.803297
13.929043;17.276150
10.995322;1.039619
2.776431;2.410292
15.148501;17.123188
8.221590;-2.026180
3.047674;2.359942
15.630268;17.030733
10.552882;1.085641
3.153110;3.230282
15.054559;17.062304
10.477724;-0.421737
3.326432;3.317188
15.022377;17.072540
8.627824;-1.858051
2.922346;2.883060
14.486533;16.910181
10.190584;-0.613625
2.765881;3.094193
14.615644;16.835947
7.873374;0.347267
3.214121;2.634159
15.425503;17.248173
11.762466;0.015325
2.946225;2.819207
15.949170;17.361366
10.519099;-0.009565
3.262963;2.920641
14.607342;17.089426
10.159259;0.047851
2.589812;3.323037
15.944495;17.256706
9.630514;-0.802657
3.148476;3.482216
15.091880;17.227345
12.288067;2.338297
3.086520;2.656890
14.874173;17.126871
10.263731;1.452400
2.923685;3.167871
14.012305;16.781921
11.700953;-0.902682
3.264470;3.262926
14.542766;16.602509
9.022875;-3.848173
2.778109;2.790516
13.024535;17.020697
10.111571;-1.979024
2.956195;3.791132
14.105892;16.831289
9.128229;1.116899
3.313211;2.492054
15.439647;17.343351
12.218446;0.554855
3.151131;2.919521
14.584783;16.946669
10.351728;-2.233487
2.904839;2.773112
14.397840;17.213970
10.668777;-3.062333
2.741990;3.006004
14.808013;17.017664
9.438682;1.263560
3.322620;2.804990
16.137304;16.893450
13.310475;0.140124
2.791585;3.627145
15.637099;16.931650
10.822100;-0.927680
3.344227;3.073660
14.123856;17.096481
11.987047;-1.922094
3.025380;3.841213
16.526423;17.010433
6.645554;0.159204
3.049299;3.186439
13.230497;17.232761
9.543265;1.607556
3.046740;3.543242
15.718144;16.794559
10.155760;-1.025087
3.008024;2.183065
14.717634;17.119991
8.933908;-1.202727
3.002765;2.324196
16.671724;17.071812
10.143933;-0.115373
2.921671;1.887687
15.177750;16.993746
10.475286;1.644813
2.887890;3.313556
14.320198;16.984320
10.491158;-2.117109
2.928857;2.920346
15.939215;17.073584
8.920112;-3.735113
3.107974;2.804034
14.675929;17.252953
8.349049;0.143184
3.077668;4.027061
16.694872;16.511641
10.287911;1.773611
2.818386;2.743256
16.034182;16.972723
12.021011;-1.364776
2.868731;3.566434
15.045793;17.353989
10.781584;-1.919651
3.109523;2.890524
16.827881;17.231632
11.669261;0.355460
2.875808;3.205112
14.862795;17.027281
13.745165;0.823707
3.222953;2.665887
15.811213;16.997137
11.167652;0.066165
2.851876;2.960034
15.312044;16.879736
11.391058;-0.333098
3.172448;3.262042
15.296674;17.017277
8.927412;0.203975
3.203807;3.124053
12.875526;17.354229
9.485788;2.690841
2.806503;3.073374
12.809839;16.854757
10.476306;-1.092749
2.727112;2.537564
14.815497;16.764000
12.912224;-0.238046
2.970205;2.771344
13.962436;17.283661
8.198611;1.736748
3.242677;3.041173
15.644882;17.212276
7.917407;0.504928
2.984898;3.646883
12.537260;16.805174
10.032660;-0.259393
2.673938;3.221769
15.280069;17.238901
10.205517;-0.339712
3.174145;3.127121
15.045182;17.060333
11.438771;0.158013
3.040158;3.863155
14.578892;16.988096
10.043551;-0.029061
3.184584;3.920639
14.331984;16.930908
10.376548;0.390002
3.327978;2.572974
15.288134;16.845377
11.238022;0.588038
2.833730;3.578681
14.143376;17.149084
9.605004;-0.441348
3.005038;2.486545
14.808523;17.078442
13.452680;-0.383705
3.221745;2.656462
13.369177;17.332886
10.155515;-1.987309
3.006857;3.152096
14.185470;17.185793
8.818315;-2.422222
3.182630;2.963702
15.036317;17.245329
13.300094;1.992663
2.875873;2.652372
16.220108;17.085890
9.376963;0.098285
2.975965;2.617760
14.200199;16.661619
10.146696;-3.681356
2.736897;3.142094
16.054646;16.579126
9.540473;-0.563868
3.246272;2.660178
15.468593;17.340939
10.694368;0.147228
3.107918;3.732023
14.942163;16.794113
10.930839;-0.089144
3.330351;3.340298
16.865726;17.043837
10.518098;-0.067470
2.997108;2.978900
14.476816;17.008036
12.277699;0.718354
2.714221;3.788057
16.840370;16.895563
10.671817;-0.005199
3.008007;2.164373
14.324537;17.258471
9.824950;0.140516
2.742296;3.394472
15.776709;17.193764
10.727848;1.030294
3.180795;2.614080
15.245022;17.200890
7.619720;-0.114646
2.892382;3.143680
14.983217;16.995333
7.647368;0.032206
2.994283;2.938451
14.456195;16.887831
12.865749;2.414087
3.010969;3.037490
14.795797;17.026846
9.580445;0.369578
3.444035;2.239932
14.560861;17.100586
11.099667;-1.516344
2.935747;2.995083
15.678423;16.795918
10.490113;-1.092633
3.227006;1.898576
15.256128;17.184647
10.194876;3.339460
2.710637;3.183205
15.376066;16.704710
11.314725;-0.444654
2.729043;3.510907
15.010463;17.149359
10.740325;-1.422296
2.745564;1.916838
14.960419;17.084806
13.870552;0.526567
3.056185;3.640866
16.372499;16.972092
8.528460;3.385055
2.898273;2.758962
15.409019;17.144489
11.400116;-0.293665
3.005858;3.233323
17.110010;16.554922
11.951413;0.822858
3.064989;3.250606
15.181075;16.900845
7.105205;0.662620
2.871902;3.637008
14.484885;16.742205
9.529663;0.105728
3.361213;3.406347
16.581127;16.633976
9.275370;1.587986
3.274632;2.753132
15.533129;16.780275
10.755572;-0.769536
2.890027;3.338058
15.066893;17.076340
8.852232;0.322088
2.968361;3.309826
15.090771;17.001671
13.766454;-2.938147
2.919750;3.469779
13.769696;17.038698
10.593715;-0.463086
2.938601;3.146021
15.261053;16.889208
11.134527;-0.412535
3.302457;2.421949
14.251773;17.083946
12.228241;-1.038485
2.991680;2.950037
15.168866;16.915340
10.276805;1.417577
2.915544;2.674795
15.454261;16.862661
9.295115;0.611410
2.636333;2.284416
14.524111;16.915995
11.054834;-1.325384
3.003989;2.672085
12.470647;17.007719
10.662897;0.609933
2.991284;2.642765
14.598608;17.091753
10.564120;-0.964766
2.978600;3.789079
13.906155;16.905054
11.266136;-3.898485
3.051314;2.637188
14.211601;16.985189
13.841991;-0.568401
3.295900;2.461599
13.376928;17.111185
11.059418;-0.176497
2.635557;2.104775
14.843535;16.990129
10.251811;-0.552492
2.823136;3.256156
13.538237;16.993856
10.642800;-0.022338
2.763931;2.447516
14.469310;17.276905
10.008227;0.675375
2.680707;3.078342
14.968424;16.976006
8.197261;1.019752
2.909286;2.339056
15.485516;17.212759
8.768654;-0.276028
2.998365;3.242876
13.647131;17.060352
9.426359;0.878136
3.043851;3.350984
15.080143;17.121935
11.441399;1.617787
2.674324;2.538713
15.336569;17.134905
8.975221;2.157123
3.279187;3.474542
14.730158;16.865356
13.294167;0.309168
2.827592;3.383547
14.407667;17.224352
12.556993;-1.300481
2.922012;3.138521
15.687619;17.005089
10.557194;-2.514370
3.453430;4.064015
15.090927;16.758055
10.119337;-1.415486
2.944625;3.708243
14.992089;17.031881
11.778158;2.688088
3.082222;3.112648
16.074532;17.272251
11.995261;-1.356666
2.888344;1.750180
15.543732;16.851021
8.843759;-2.750409
3.106715;3.649657
12.509289;16.710520
10.745608;2.548862
3.137928;3.936545
14.846420;17.025251
10.071497;1.060801
3.062244;2.968313
14.484763;16.687832
10.360791;-3.008280
2.970547;3.402764
15.081480;17.068066
10.711328;2.072393
2.806407;3.656429
15.807597;16.738392
13.483919;1.092646
2.728905;2.832116
14.883665;17.000345
8.607483;1.400537
3.318546;2.910612
15.770882;17.018486
6.908442;-2.203918
2.693329;2.376692
15.752234;16.862503
10.188425;-1.233454
3.195898;2.690068
14.459495;16.749666
11.404751;-2.234163
3.300001;2.519334
15.071570;17.238945
12.831369;1.637416
2.846460;2.574911
15.474181;16.699499
12.289882;0.560305
3.270363;3.300232
14.369466;16.608757
13.123020;2.333328
3.248974;4.283372
15.382997;16.989902
11.308453;-1.117191
3.094837;3.100968
13.780357;16.806396
10.911182;3.336699
3.038118;3.164816
15.404575;17.508976
11.479347;1.634346
3.002969;2.967336
14.790175;16.812988
12.684778;0.667686
3.116363;2.353829
16.324163;17.029284
10.408010;0.942008
3.082404;2.218483
12.640649;16.695843
12.253950;2.377973
3.261325;3.391998
14.766431;17.206070
9.302940;-0.644541
2.887414;2.528353
15.030123;16.861149
13.253708;-0.173675
2.655174;3.226683
15.268706;16.886456
10.454332;-1.288361
3.021011;3.109857
16.205889;16.839455
12.944700;-1.181117
3.149045;3.254961
13.777486;16.945841
9.277146;0.936571
2.743054;2.945333
14.763705;17.080208
13.239502;-0.344604
2.615164;3.689221
14.367043;16.914444
6.828487;0.857284
3.118749;2.665914
14.820515;16.855698
9.988807;1.362992
3.037490;2.572187
15.515985;16.822424
12.936752;2.042901
3.055366;2.640519
14.440246;17.008881
12.432830;1.218510
3.184123;3.339837
15.041588;17.067335
11.148782;-2.132164
2.740783;3.473641
14.339908;17.064680
9.502260;0.544948
3.085895;2.557461
14.708924;16.963011
11.191034;1.672090
3.063702;2.721104
15.288809;17.003952
10.280489;1.798616
2.888744;1.539191
15.527637;17.032063
8.927215;-2.731463
3.170343;2.911108
15.474915;16.924465
10.724514;2.351800
2.858476;2.965852
14.756532;17.059458
10.415734;0.129184
2.785296;2.641945
15.795778;17.171339
8.610984;0.464142
3.274785;2.947796
14.886695;17.144770
9.592563;2.871373
3.043619;3.353922
14.649604;17.480671
8.580164;1.606957
2.527655;2.842404
13.825579;16.730328
9.136614;0.966087
3.015032;1.843203
14.454812;17.223408
11.530818;-2.930242
2.974027;3.557986
14.484596;16.753630
8.832466;1.657410
3.064861;3.972918
15.658072;17.539207
12.362145;0.636872
2.982873;2.769456
14.100053;16.993944
8.209979;-0.549742
2.843598;2.575925
15.147555;17.080061
12.458505;1.876600
3.359643;3.648782
13.961270;16.820467
11.585661;-2.197063
2.784439;2.072269
14.428764;17.011812
10.993142;-1.192480
3.017529;3.110991
14.762494;17.096111
9.575837;1.522779
2.810478;3.014679
16.299721;17.132847
7.922723;1.525799
2.774218;3.545694
14.227687;17.109436
12.288066;-0.449456
2.912236;3.000526
15.156110;16.974234
6.794525;-1.631534
3.033570;3.394540
13.090895;17.054409
7.551095;-2.864515
3.128102;2.954045
13.441446;17.033333
9.825132;-0.637152
3.139990;1.973562
16.526352;17.187527
11.316398;-1.955106
3.311602;3.945915
15.835033;17.108431
11.786130;0.639998
2.740315;2.743680
14.483605;16.449886
12.137609;-2.444450
3.024849;2.936458
14.236742;17.046692
10.988674;1.698559
2.787044;2.915841
14.864370;17.092590
12.448212;1.598675
3.080563;2.264272
13.765278;16.924023
13.154336;-1.903699
3.319148;2.948097
13.842483;17.264685
10.445727;-1.312976
3.182417;2.637730
14.601380;17.084675
8.164329;0.138168
3.290689;3.399609
16.561451;16.989872
11.439241;-1.406407
2.786328;2.607230
15.546552;16.584629
10.280772;-1.142563
3.008306;3.636735
15.919527;17.246609
8.428870;-0.740711
3.109061;3.376455
15.352304;16.929747
9.145795;-0.840552
2.775970;2.950501
15.288799;16.713598
12.695989;1.047089
2.631453;3.541520
15.267551;17.376020
13.259684;-0.797718
2.837365;2.356801
16.341740;16.973785
9.827594;1.634373
2.887089;3.091741
16.085815;16.967543
10.377656;-0.161923
3.067845;3.192131
15.152479;17.308889
10.877492;1.160528
2.778493;2.535697
13.732869;17.262276
10.152363;0.278286
3.367526;2.342417
15.365153;17.295254
10.029757;-3.994830
3.023002;2.520483
16.917164;16.973379
7.523354;3.228513
2.688758;3.275517
13.581744;16.847990
11.058564;0.858943
3.272548;3.477831
15.772946;17.239279
10.622524;-0.108758
3.175611;2.489785
13.139212;17.255779
9.867407;-2.346485
2.952809;2.152319
14.899531;17.318527
9.689726;-0.547414
2.897340;2.648233
14.663802;16.868311
10.705993;1.015396
3.071934;3.081188
13.983040;17.166378
11.718207;-0.173430
3.240882;2.870584
15.656735;17.384876
13.346256;-0.915459
2.934772;2.495149
14.194651;16.911982
11.125792;2.376668
3.330895;3.066052
17.037519;17.219320
10.763784;0.789844
3.021268;2.618374
14.937588;17.084988
11.867714;0.742138
2.643563;3.083349
15.440608;16.965189
9.807393;1.574485
3.142265;4.064385
14.117720;17.010817
10.458856;-1.541872
3.305948;2.870018
14.865118;17.198187
10.731148;1.016975
2.796372;2.588410
14.861451;16.771112
9.468395;2.567224
2.946391;3.347014
15.002507;16.431026
11.027744;1.290361
3.078689;3.791678
16.102247;16.724541
9.950765;-0.012925
3.046917;3.936669
17.154564;17.037788
11.958710;2.750829
2.869628;3.079434
15.819828;16.653261
10.655118;-0.090283
3.021346;2.567864
16.677452;16.783642
12.972229;0.655017
2.973972;2.757502
13.938410;17.096958
8.079874;0.291977
3.131940;3.481245
14.021501;17.087734
10.989248;-1.410869
3.282659;2.896765
14.983081;17.142178
10.230680;0.053739
3.122358;3.275446
15.295954;17.081247
12.638294;-1.136624
3.007831;2.698195
15.955052;17.030609
11.216222;-3.657411
2.871859;2.500154
16.003420;17.064342
9.921631;0.951776
2.772555;2.181697
15.305401;17.201326
10.322599;-1.368484
3.234565;2.732906
15.221768;17.112347
10.473687;1.894126
2.919404;3.460927
15.776585;16.669838
8.642235;0.313547
2.858581;1.881934
15.527300;17.076862
10.444480;-0.544142
3.303083;3.215991
14.319878;16.898214
9.340566;0.954149
3.312407;2.742917
15.306562;17.221518
9.005308;-1.917252
3.183284;3.192874
14.892167;16.781603
10.917010;-0.570973
2.905759;3.618117
14.236688;16.869329
10.084970;-0.741230
2.986084;3.652402
15.263417;17.023840
12.292851;0.821811
2.955057;3.214842
15.439229;16.857929
8.089353;1.997164
2.807753;2.806820
14.058743;16.938360
11.786448;-1.992723
3.070753;2.700300
15.820806;17.009745
8.417934;1.006062
2.770122;2.913048
12.172184;17.239807
10.336499;2.542560
3.278031;2.965905
14.189935;17.121653
10.883409;2.420853
2.998590;3.188487
13.560485;16.939875
8.028069;0.830357
3.095770;2.824344
15.668125;17.032219
10.417212;-0.500965
2.990511;3.440483
14.520739;17.287663
12.887490;-1.325133
2.696162;2.954039
15.003532;17.227461
9.220030;-0.760817
2.916876;2.473440
15.646687;17.005209
9.565269;2.039637
2.833616;3.114877
14.660299;16.631483
11.528599;1.700054
2.761942;3.228205
14.413195;17.188787
12.317039;-1.510784
2.921307;2.894218
17.283339;16.737457
7.212667;-1.233912
3.250968;3.386523
14.321663;16.966270
8.915365;-0.814784
3.260746;2.756970
15.055574;17.326221
10.676675;-1.777122
2.812210;2.581343
14.610109;17.361824
10.318913;0.391812
3.071858;3.335517
13.371864;17.282562
12.159319;0.106113
2.999742;2.962380
14.799141;17.134380
11.570805;-0.315342
2.866621;1.822747
15.562863;17.175655
13.487159;0.139063
2.983877;4.079174
14.269998;16.997377
11.312592;-0.437966
2.730604;3.977450
14.214663;17.005180
8.263937;1.156043
3.385810;2.168437
13.125357;16.744255
10.416054;-1.428843
2.956944;3.301587
16.011326;16.922079
12.315415;-0.108248
3.263179;2.940391
14.783862;17.077539
10.677649;0.889484
2.727530;2.966063
16.905130;16.813871
11.157642;0.468347
2.905099;2.311172
16.175148;16.992950
9.824564;0.993158
2.932985;3.460800
15.320580;16.924397
8.812211;-0.955701
3.504018;2.179131
13.214373;16.699511
11.885951;0.017155
3.381666;3.128016
14.692546;17.055843
10.329835;-0.154305
3.121218;2.545128
13.845843;16.759890
9.867912;-1.359556
2.974766;3.328868
14.965385;16.948233
9.549466;1.176361
3.043222;3.050575
15.226583;17.080057
9.892855;0.733565
3.348907;2.997330
13.621384;17.051508
10.681454;-0.657523
2.741028;3.310285
15.086931;16.985519
8.060130;1.857633
3.097524;2.987315
16.097511;16.934820
11.068977;-0.199938
2.966721;3.103869
15.252279;17.035166
10.820628;-0.058708
2.664708;2.323892
15.110691;16.830248
12.280708;-1.791852
3.116050;3.307745
14.102824;17.098026
11.146863;1.898003
2.971288;2.167501
14.041525;16.279573
10.165267;-2.051542
2.954130;2.896745
14.698002;16.853384
9.541130;-0.269212
3.118647;3.441772
12.642648;16.962151
11.427219;-0.585741
3.090137;2.478196
16.012009;17.012695
11.121338;0.978433
3.182625;3.108009
15.534342;17.351046
9.134075;0.045738
3.000333;2.225665
15.921867;17.249107
12.336694;-4.384546
3.120525;2.760925
17.047009;17.280327
10.285158;2.138232
2.888396;3.516085
15.537430;17.398115
11.007541;-4.927345
2.825297;3.278243
15.779979;17.233578
11.503935;-1.245511
3.007155;2.556213
15.572777;17.365566
9.603109;0.631388
2.943068;2.764019
13.743231;16.852247
11.373663;-1.448096
2.933001;3.306524
15.162386;16.832508
9.589978;-1.320037
2.876112;3.342408
14.891891;16.907862
12.616500;-0.334832
3.017880;2.684909
14.116078;17.241674
8.522415;-1.593282
3.522981;2.849299
13.568257;17.162870
8.993947;0.811427
2.897485;2.799696
15.601621;17.145130
10.349612;-1.886678
2.442619;2.607881
14.098351;17.099827
11.812854;-1.718288
2.816177;3.099769
13.861469;17.021526
9.086182;-1.213903
3.043867;3.204890
14.578803;17.221422
12.604694;0.171499
2.952709;3.190399
13.810212;16.951725
13.224895;0.080762
3.083017;2.538414
14.734716;16.696003
12.469434;0.837882
2.983407;3.627220
14.145415;17.484146
10.120516;0.578404
3.075334;3.415278
13.294566;17.032394
8.325187;-0.765358
2.963561;3.256874
14.641841;17.513992
9.595107;0.000696
2.970857;2.816535
14.040346;17.172901
8.746688;0.039168
3.188561;2.441827
14.718863;17.344599
11.294828;0.072981
3.171562;4.207734
14.912837;17.090382
12.115362;0.542899
2.818429;2.808146
14.649673;16.999086
12.915363;1.236265
3.072303;2.920827
14.100287;17.290024
10.203319;-2.664462
2.892908;3.308784
16.127970;17.035677
8.947775;1.261722
2.878558;2.789486
14.970965;17.361923
10.455861;-0.235330
2.772210;4.048464
16.221176;16.836905
10.480337;1.495667
3.146929;3.120990
14.434340;16.926113
12.259134;-2.649074
2.988193;3.885818
15.779159;17.406496
7.268284;-0.352699
2.850935;2.612921
16.107029;17.065058
12.891804;2.068877
2.830387;2.826662
14.782276;16.811268
10.943484;2.617669
2.805138;2.411727
15.720784;16.977171
9.346230;-2.523130
2.846871;3.681109
15.156049;17.206850
8.257272;1.724115
2.872856;2.582618
15.524597;17.116840
12.388772;1.158746
3.171850;1.853276
14.808237;16.410599
11.972496;-2.723259
3.219417;2.476383
16.196177;17.105619
7.377729;3.106383
2.899098;3.850010
14.987438;17.129480
8.421477;-0.148107
2.972574;2.914303
14.521629;17.121496
10.635371;-0.988835
3.135083;3.537971
13.693537;17.391550
10.229126;0.424350
2.827989;3.435871
17.274252;16.568699
10.162258;-0.136600
3.513903;1.905772
16.423323;17.093054
10.715982;-1.347539
3.456126;4.011755
14.253892;16.606827
10.584898;0.728182
2.816097;3.383900
13.839142;16.657352
10.838106;0.393601
3.491893;3.261326
16.065050;17.094595
10.864660;0.199109
2.961370;3.185912
15.440924;17.478601
13.279566;-1.759202
3.239908;2.946295
16.889608;17.219379
10.322023;-0.598196
3.030678;2.797752
14.107273;17.121986
9.720980;-0.462332
2.888836;3.163778
15.216331;16.858835
11.166245;-0.540828
3.168692;3.476082
14.815460;17.331507
10.880419;-1.958106
2.970765;2.404634
14.052395;17.187130
12.391296;1.005116
2.600689;3.710207
13.802705;17.089249
10.627158;1.439520
3.068791;2.193673
14.274549;17.227119
10.487051;-1.798794
2.702343;3.383901
15.516631;16.919123
11.123970;2.081270
2.666846;2.502603
14.788434;17.064934
9.037482;0.654036
2.690715;2.999229
16.389784;17.144846
11.263732;-1.624331
3.135209;3.505156
15.023766;17.173437
11.698360;0.911676
2.927907;2.893937
14.206100;16.893028
10.187253;0.203499
3.278120;2.871676
15.051233;17.087736
11.891766;0.180469
3.069440;2.585395
13.528564;17.027916
8.926781;-0.622333
3.014574;3.514687
15.123084;17.403568
9.897339;-0.830748
3.222769;2.611844
14.252717;17.034882
10.875200;0.750661
2.989516;2.511476
14.890882;17.032745
8.546941;0.787360
3.183935;2.721907
15.054454;17.208488
10.909871;1.249414
3.123239;2.543468
14.282231;16.919073
10.209196;1.443311
3.416023;3.135947
15.311081;16.791683
10.381870;-2.518484
3.235608;2.702815
16.419460;17.023882
13.015940;-2.186394
3.130784;2.972834
14.346682;17.212112
7.917636;0.481366
2.864162;2.824680
13.614388;16.853367
12.046883;-1.818625
3.697562;2.645196
14.181932;16.896116
11.003666;0.305973
3.008996;2.320929
15.156589;16.877565
10.584436;0.085232
2.907547;2.851475
13.000240;17.493349
11.790948;2.499728
3.072455;3.094022
12.966119;17.019978
10.309204;-0.361401
3.165794;2.277618
14.473263;17.059267
10.913416;-3.329276
2.826145;2.891158
15.057609;17.103567
10.710118;1.141281
2.822379;3.009387
13.770066;17.090725
9.936585;-0.942004
2.556325;2.536146
13.880610;17.091288
10.691708;0.318843
2.990063;2.657743
15.665422;16.804131
9.683945;-0.852984
2.606154;2.735672
14.622034;16.476849
13.878970;1.412273
2.935235;3.641027
15.951391;16.730742
13.958899;0.607906
2.976222;2.652975
16.166132;17.261002
11.326674;-0.584866
3.271677;2.988390
14.512065;16.865713
13.088806;-0.486512
2.882461;3.395468
15.204790;16.835371
11.988457;-2.169232
3.050846;3.637461
14.973250;17.096825
11.728401;-0.576242
3.073954;3.532587
14.259822;17.276398
8.152540;-0.299808
2.974455;2.609686
16.437326;17.199282
12.086386;-0.836904
3.405686;2.753429
15.755549;17.312988
9.754999;1.680446
3.023989;2.540432
14.365787;16.578283
11.765307;-0.573691
2.886366;2.448407
15.743247;16.856030
10.255699;0.828431
3.201565;2.727531
13.746712;17.164118
10.273340;0.304208
3.046374;2.655112
15.633415;16.780008
10.380956;-2.227949
2.838831;3.697118
13.814459;17.136461
10.314639;-1.147255
2.740204;2.474814
13.350683;17.022429
9.281101;-0.455844
3.052582;3.029067
17.225389;17.225235
7.365668;0.255366
2.956250;2.286160
15.426588;16.576395
10.681770;-1.822498
3.082188;3.480963
13.850123;16.633673
11.864992;-0.214436
3.040879;2.978644
14.990088;17.000748
11.698222;-3.327531
2.995232;2.736596
15.117501;17.289089
8.999440;0.300445
2.625383;3.395250
13.620175;16.820143
8.721539;2.307661
3.006768;3.556132
13.943954;16.592978
6.173216;1.112961
2.786701;3.646515
16.748993;17.004330
11.059352;1.399200
3.229594;3.003904
13.938967;16.791319
10.927427;0.467510
2.844572;2.611454
14.804823;17.136805

